证券代码.x,股权架构等级
000001,A
000002,B
000004,B
000005,C
000006,C
000007,C
000008,B
000009,B
000010,A
000011,A
000012,B
000014,B
000016,B
000017,B
000019,A
000020,B
000021,B
000023,C
000025,B
000026,B
000027,B
000028,A
000029,C
000030,C
000031,C
000032,C
000034,B
000035,C
000036,B
000037,B
000039,A
000040,A
000042,A
000045,B
000046,C
000048,C
000049,C
000050,B
000055,C
000056,B
000058,A
000059,B
000060,B
000061,B
000062,A
000063,C
000065,B
000066,A
000068,B
000069,A
000070,A
000078,A
000088,A
000089,A
000090,B
000096,A
000099,B
000100,C
000151,B
000153,C
000155,B
000156,B
000157,C
000158,B
000159,C
000166,D
000301,C
000333,C
000338,C
000400,B
000401,B
000402,C
000403,B
000404,B
000407,B
000408,C
000409,B
000410,B
000411,B
000413,B
000415,A
000416,B
000417,A
000419,A
000420,C
000421,A
000422,B
000423,C
000425,C
000426,C
000428,C
000429,C
000430,B
000488,C
000498,A
000501,B
000503,B
000504,B
000505,B
000506,B
000507,B
000509,C
000510,C
000513,B
000514,B
000516,C
000517,B
000518,C
000519,C
000520,C
000521,B
000523,B
000524,B
000525,B
000526,C
000528,B
000529,B
000530,C
000531,B
000532,B
000533,B
000534,B
000536,C
000537,A
000538,C
000539,A
000541,B
000543,A
000544,A
000545,B
000546,B
000547,C
000548,B
000550,B
000551,B
000552,B
000553,A
000554,B
000555,A
000557,C
000558,B
000559,A
000560,C
000561,B
000563,B
000564,B
000565,B
000566,B
000567,B
000568,B
000570,B
000571,B
000572,B
000573,B
000576,A
000581,C
000582,A
000584,C
000586,C
000589,B
000590,B
000591,B
000592,C
000593,C
000595,B
000596,B
000597,B
000598,A
000599,B
000600,A
000601,C
000603,B
000605,B
000607,A
000608,B
000609,B
000610,B
000612,B
000615,B
000617,A
000619,A
000620,A
000622,C
000623,B
000625,C
000626,B
000627,B
000628,A
000629,B
000630,A
000631,A
000632,B
000633,B
000635,A
000636,B
000637,C
000638,B
000639,B
000650,B
000651,B
000652,A
000655,A
000656,C
000657,A
000659,B
000661,B
000663,B
000665,C
000668,B
000669,C
000670,C
000672,C
000676,C
000677,C
000678,B
000679,B
000680,B
000681,C
000682,B
000683,B
000685,B
000686,B
000688,B
000690,B
000691,C
000692,C
000695,B
000697,C
000698,B
000700,B
000701,B
000702,B
000703,B
000705,B
000707,B
000708,B
000709,B
000710,C
000711,C
000712,B
000713,B
000715,C
000716,B
000717,A
000718,C
000719,A
000720,B
000721,B
000722,B
000723,B
000725,C
000726,C
000727,B
000728,B
000729,A
000731,B
000733,B
000735,B
000736,A
000737,B
000738,B
000739,B
000750,B
000751,C
000752,C
000753,B
000755,B
000756,B
000757,B
000758,B
000759,B
000761,A
000762,B
000766,C
000767,B
000768,B
000776,B
000777,B
000778,A
000779,A
000782,B
000783,C
000785,C
000786,B
000788,B
000789,A
000790,B
000791,B
000792,C
000793,C
000795,B
000796,C
000797,B
000798,B
000799,B
000800,A
000801,A
000802,C
000803,B
000807,B
000809,B
000810,B
000811,C
000812,C
000813,C
000815,B
000816,B
000818,C
000819,B
000820,B
000821,A
000822,A
000823,B
000825,B
000826,C
000828,B
000829,C
000830,C
000831,B
000833,B
000836,B
000837,A
000838,A
000839,A
000848,A
000850,A
000851,C
000852,A
000856,B
000858,B
000859,B
000860,B
000861,B
000862,B
000863,B
000868,B
000869,B
000875,B
000876,B
000877,A
000878,B
000880,C
000881,C
000882,B
000883,B
000885,A
000886,B
000887,A
000888,B
000889,C
000890,B
000892,B
000893,B
000895,B
000897,C
000898,C
000899,B
000900,B
000901,B
000902,A
000903,B
000905,A
000906,B
000908,C
000909,C
000910,B
000911,B
000912,C
000913,B
000915,B
000917,C
000919,B
000920,B
000921,B
000922,B
000923,B
000925,C
000926,B
000927,C
000928,B
000929,B
000930,B
000931,B
000932,B
000933,C
000935,C
000936,B
000937,B
000938,B
000948,B
000949,B
000950,B
000951,A
000952,B
000953,B
000955,C
000957,C
000958,B
000959,A
000960,B
000961,A
000962,A
000963,B
000965,A
000966,A
000967,B
000968,B
000969,B
000970,B
000971,C
000972,C
000973,B
000975,B
000976,C
000977,B
000978,B
000980,B
000981,B
000982,C
000983,A
000985,A
000987,B
000988,C
000989,B
000990,B
000993,A
000995,B
000996,B
000997,B
000998,C
000999,A
001201,C
001202,B
001203,B
001205,B
001206,B
001207,B
001208,A
001209,C
001210,B
001211,B
001212,B
001213,B
001215,B
001216,B
001217,B
001218,C
001219,B
001222,C
001223,B
001225,B
001226,A
001227,C
001228,B
001229,B
001230,C
001231,B
001234,B
001236,C
001238,B
001255,B
001256,C
001258,B
001259,B
001260,B
001266,C
001267,C
001268,C
001269,B
001270,B
001278,B
001282,C
001283,B
001286,B
001287,C
001288,B
001289,B
001296,C
001298,B
001299,B
001300,B
001301,B
001308,C
001309,B
001311,B
001313,B
001314,A
001316,A
001317,B
001318,B
001319,C
001322,B
001323,B
001324,B
001328,A
001330,B
001331,B
001332,A
001333,B
001336,C
001337,B
001338,A
001339,B
001360,B
001366,B
001367,C
001368,B
001373,B
001378,B
001380,B
001696,C
001872,B
001896,A
001914,A
001965,B
001979,A
002001,A
002002,C
002003,B
002004,B
002005,C
002006,B
002007,C
002008,C
002009,B
002010,A
002011,B
002012,C
002014,B
002015,B
002016,A
002017,B
002019,B
002020,B
002021,C
002022,B
002023,C
002024,C
002025,B
002026,B
002027,B
002028,C
002029,B
002030,C
002031,C
002032,B
002033,C
002034,B
002035,C
002036,C
002037,B
002038,C
002039,C
002040,A
002041,B
002042,B
002043,B
002044,C
002045,C
002046,B
002047,C
002048,B
002049,B
002050,C
002051,A
002052,C
002053,B
002054,B
002055,B
002056,B
002057,C
002058,B
002059,B
002060,A
002061,A
002062,B
002063,C
002064,B
002065,B
002066,A
002067,C
002068,B
002069,C
002072,B
002073,B
002074,B
002075,A
002076,B
002077,A
002078,B
002079,B
002080,A
002081,B
002082,B
002083,B
002084,B
002085,B
002086,C
002087,B
002088,B
002089,C
002090,B
002091,B
002092,B
002093,B
002094,B
002095,A
002096,B
002097,C
002098,B
002099,B
002100,B
002101,C
002102,C
002103,B
002104,B
002105,A
002106,B
002107,A
002108,C
002109,B
002110,A
002111,B
002112,B
002114,B
002115,C
002116,B
002117,C
002119,B
002120,A
002121,B
002122,C
002123,B
002124,B
002125,B
002126,C
002127,B
002128,A
002129,B
002130,C
002131,C
002132,B
002133,B
002134,B
002135,B
002136,B
002137,B
002138,C
002139,C
002140,B
002141,B
002142,C
002144,B
002145,B
002146,B
002148,B
002149,B
002150,B
002151,C
002152,A
002153,A
002154,B
002155,B
002156,C
002157,C
002158,B
002159,B
002160,B
002161,B
002162,B
002163,B
002164,B
002165,B
002166,A
002167,B
002168,B
002169,B
002170,B
002171,B
002172,B
002173,B
002174,B
002175,B
002176,B
002177,B
002178,C
002179,B
002180,B
002181,B
002182,C
002183,C
002184,B
002185,B
002186,B
002187,B
002188,A
002189,A
002190,A
002191,B
002192,B
002193,B
002194,B
002195,C
002196,C
002197,B
002198,C
002199,C
002200,C
002201,B
002202,B
002203,B
002204,A
002205,B
002206,C
002207,C
002208,B
002209,B
002210,B
002211,B
002212,C
002213,B
002214,B
002215,B
002216,C
002217,B
002218,B
002219,B
002221,C
002222,B
002223,B
002224,C
002225,C
002226,B
002227,A
002228,B
002229,B
002230,C
002231,B
002232,A
002233,C
002234,B
002235,B
002236,B
002237,B
002238,A
002239,C
002240,C
002241,C
002242,B
002243,B
002244,B
002245,B
002246,B
002247,B
002248,B
002249,B
002250,B
002251,C
002252,B
002253,C
002254,B
002255,B
002256,B
002258,B
002259,B
002261,C
002262,B
002263,B
002264,C
002265,B
002266,B
002267,A
002268,B
002269,B
002270,B
002271,B
002272,B
002273,C
002274,B
002275,A
002276,B
002277,B
002278,B
002279,B
002280,B
002281,B
002282,B
002283,C
002284,B
002285,B
002286,C
002287,B
002288,C
002289,C
002290,C
002291,C
002292,B
002293,C
002294,A
002295,B
002296,C
002297,C
002298,C
002299,A
002300,C
002301,B
002302,B
002303,B
002304,C
002305,B
002306,B
002307,A
002308,B
002309,C
002310,C
002311,B
002312,B
002313,B
002314,B
002315,B
002316,B
002317,C
002318,B
002319,B
002320,A
002321,B
002322,B
002323,B
002324,B
002325,B
002326,C
002327,A
002328,B
002329,B
002330,B
002331,B
002332,B
002333,B
002334,C
002335,C
002336,B
002337,A
002338,A
002339,B
002340,C
002341,B
002342,C
002343,C
002344,B
002345,B
002346,B
002347,B
002348,C
002349,B
002350,B
002351,B
002352,B
002353,B
002354,C
002355,C
002356,B
002357,A
002358,B
002360,B
002361,A
002362,B
002363,B
002364,B
002365,B
002366,B
002367,A
002368,B
002369,B
002370,C
002371,B
002372,B
002373,C
002374,B
002375,B
002376,B
002377,B
002378,A
002379,B
002380,B
002381,B
002382,B
002383,B
002384,C
002385,B
002386,C
002387,C
002388,C
002389,C
002390,B
002391,B
002392,A
002393,A
002394,A
002395,A
002396,B
002397,C
002398,C
002399,B
002400,B
002401,A
002402,B
002403,B
002404,B
002405,B
002406,B
002407,C
002408,B
002409,B
002410,C
002412,B
002413,C
002414,B
002415,C
002416,B
002418,C
002419,B
002420,B
002421,B
002422,B
002423,A
002424,B
002425,B
002426,C
002427,B
002428,C
002429,B
002430,A
002431,B
002432,B
002433,C
002434,B
002435,B
002436,C
002437,C
002438,C
002439,C
002440,C
002441,B
002442,B
002443,B
002444,A
002445,B
002446,C
002448,B
002449,B
002451,B
002452,B
002453,B
002454,A
002455,B
002456,C
002457,B
002458,B
002459,B
002460,C
002461,B
002462,C
002463,B
002465,B
002466,B
002467,B
002468,B
002469,B
002470,A
002471,B
002472,C
002474,B
002475,B
002476,C
002478,B
002479,C
002480,C
002481,B
002482,B
002483,B
002484,B
002485,A
002486,B
002487,B
002488,C
002489,B
002490,B
002491,B
002492,B
002493,B
002494,B
002495,B
002496,B
002497,B
002498,A
002500,B
002501,B
002502,C
002505,C
002506,C
002507,B
002508,A
002510,C
002511,B
002512,C
002513,B
002514,B
002515,B
002516,A
002517,B
002518,A
002519,B
002520,B
002521,B
002522,A
002523,B
002524,A
002526,B
002527,B
002528,B
002529,C
002530,C
002531,C
002532,C
002533,C
002534,B
002535,B
002536,B
002537,B
002538,B
002539,B
002540,B
002541,B
002542,B
002543,B
002544,B
002545,A
002546,A
002547,A
002548,B
002549,B
002550,B
002551,B
002552,B
002553,B
002554,B
002555,C
002556,A
002557,B
002558,A
002559,C
002560,C
002561,B
002562,C
002563,C
002564,C
002565,B
002566,B
002567,C
002568,A
002569,C
002570,C
002571,C
002572,C
002573,B
002574,B
002575,B
002576,B
002577,A
002578,B
002579,B
002580,B
002581,C
002582,B
002583,B
002584,C
002585,B
002586,C
002587,B
002588,C
002589,C
002590,B
002591,C
002592,C
002593,B
002594,B
002595,B
002596,C
002597,B
002598,B
002599,B
002600,A
002601,B
002602,C
002603,B
002605,C
002606,C
002607,C
002608,B
002609,B
002610,C
002611,B
002612,B
002613,B
002614,C
002615,B
002616,C
002617,C
002620,C
002621,B
002622,B
002623,B
002624,B
002625,B
002626,B
002627,A
002628,B
002629,B
002630,C
002631,B
002632,B
002633,C
002634,C
002635,C
002636,B
002637,B
002638,B
002639,B
002640,C
002641,B
002642,C
002643,B
002644,A
002645,B
002646,B
002647,C
002648,B
002649,C
002650,C
002651,B
002652,B
002653,B
002654,B
002655,B
002656,C
002657,B
002658,A
002659,B
002660,B
002661,C
002662,B
002663,B
002664,B
002665,C
002666,B
002667,B
002668,A
002669,C
002670,C
002671,C
002672,C
002673,B
002674,B
002675,C
002676,B
002677,C
002678,B
002679,A
002681,B
002682,B
002683,B
002685,C
002686,B
002687,C
002688,B
002689,B
002690,B
002691,B
002692,C
002693,B
002694,C
002695,B
002696,C
002697,C
002698,C
002699,C
002700,C
002701,B
002702,C
002703,B
002705,B
002706,C
002707,B
002708,B
002709,B
002712,B
002713,B
002714,B
002715,C
002716,C
002717,C
002718,B
002719,B
002721,C
002722,C
002723,C
002724,B
002725,C
002726,B
002727,B
002728,B
002729,B
002730,B
002731,C
002732,B
002733,B
002734,C
002735,B
002736,C
002737,B
002738,B
002739,B
002740,C
002741,B
002742,C
002743,B
002745,B
002746,C
002747,B
002748,B
002749,B
002750,B
002752,A
002753,B
002755,B
002756,B
002757,B
002758,C
002759,C
002760,C
002761,C
002762,C
002763,B
002765,C
002766,C
002767,A
002768,B
002769,C
002771,C
002772,C
002773,B
002774,B
002775,B
002776,C
002777,B
002778,C
002779,B
002780,C
002782,C
002783,C
002785,C
002786,B
002787,B
002788,B
002789,C
002790,C
002791,B
002792,B
002793,B
002795,B
002796,B
002797,C
002798,C
002799,B
002800,B
002801,B
002802,A
002803,B
002805,B
002806,B
002807,C
002808,C
002809,A
002810,B
002811,A
002812,C
002813,A
002815,B
002816,C
002817,B
002818,B
002819,B
002820,B
002821,B
002822,C
002823,B
002824,B
002825,B
002826,B
002827,A
002828,C
002829,C
002830,C
002831,B
002832,C
002833,B
002835,B
002836,B
002837,C
002838,B
002839,C
002840,C
002841,C
002842,C
002843,C
002845,C
002846,B
002847,B
002848,B
002849,C
002850,B
002851,C
002852,C
002853,B
002855,B
002856,B
002857,B
002858,C
002859,A
002860,B
002861,B
002862,B
002863,B
002864,B
002865,B
002866,B
002867,A
002868,B
002869,B
002870,B
002871,B
002872,C
002873,B
002875,C
002876,B
002877,B
002878,B
002879,A
002880,A
002881,B
002882,A
002883,C
002884,C
002885,C
002886,C
002887,B
002888,A
002889,B
002890,B
002891,C
002892,C
002893,B
002895,B
002896,B
002897,B
002898,A
002899,B
002900,B
002901,B
002902,A
002903,B
002905,A
002906,A
002907,B
002908,B
002909,B
002910,C
002911,C
002912,B
002913,B
002915,B
002916,A
002917,C
002918,B
002919,B
002920,C
002921,C
002922,C
002923,B
002925,B
002926,C
002927,B
002928,C
002929,C
002930,C
002931,B
002932,B
002933,C
002935,B
002936,B
002937,B
002938,A
002939,B
002940,B
002941,B
002942,B
002943,B
002945,B
002946,B
002947,B
002948,C
002949,C
002950,C
002951,B
002952,B
002953,B
002955,C
002956,C
002957,B
002958,B
002959,B
002960,C
002961,B
002962,B
002963,C
002965,C
002966,D
002967,B
002968,C
002969,B
002970,C
002971,C
002972,B
002973,B
002975,C
002976,B
002977,C
002978,B
002979,B
002980,B
002981,B
002982,C
002983,A
002984,B
002985,B
002986,C
002987,B
002988,B
002989,B
002990,B
002991,A
002992,C
002993,B
002995,C
002996,C
002997,B
002998,B
002999,B
003000,B
003001,C
003002,C
003003,B
003004,C
003005,C
003006,B
003007,C
003008,C
003009,B
003010,B
003011,B
003012,B
003013,A
003015,C
003016,A
003017,C
003018,B
003019,C
003020,C
003021,B
003022,C
003023,B
003025,C
003026,C
003027,C
003028,C
003029,C
003030,B
003031,A
003032,C
003033,A
003035,A
003036,A
003037,A
003038,B
003039,A
003040,B
003041,B
003042,B
003043,B
003816,B
300001,A
300002,C
300003,C
300004,B
300005,C
300006,B
300007,B
300008,C
300009,B
300010,C
300011,C
300012,C
300013,C
300014,B
300015,B
300016,B
300017,C
300018,C
300019,C
300020,C
300021,B
300022,B
300024,B
300025,B
300026,B
300027,C
300029,C
300030,B
300031,B
300032,B
300033,B
300034,A
300035,C
300036,C
300037,C
300039,C
300040,B
300041,C
300042,B
300043,B
300044,B
300045,B
300046,B
300047,C
300048,B
300049,C
300050,C
300051,C
300052,C
300053,C
300054,C
300055,A
300056,B
300057,B
300058,C
300059,B
300061,C
300062,B
300063,B
300065,B
300066,B
300067,B
300068,C
300069,C
300070,A
300071,C
300072,A
300073,B
300074,B
300075,B
300076,B
300077,C
300078,C
300079,B
300080,A
300081,B
300082,B
300083,B
300084,C
300085,C
300086,B
300087,B
300088,C
300091,B
300092,C
300093,B
300094,C
300095,B
300096,C
300097,C
300098,B
300099,B
300100,B
300101,B
300102,B
300103,B
300105,B
300106,A
300107,A
300108,B
300109,C
300110,B
300111,B
300112,C
300113,B
300114,B
300115,A
300116,B
300117,A
300118,A
300119,B
300120,C
300121,B
300122,A
300123,C
300124,D
300125,C
300126,C
300127,B
300128,B
300129,B
300130,B
300131,C
300132,C
300133,B
300134,A
300135,A
300136,B
300137,B
300138,B
300139,B
300140,A
300141,B
300142,C
300143,B
300144,B
300145,B
300146,A
300147,B
300148,C
300149,B
300150,B
300151,B
300152,C
300153,B
300154,B
300155,B
300157,B
300158,B
300159,C
300160,B
300161,B
300162,B
300163,B
300164,B
300165,B
300166,B
300167,C
300168,C
300169,C
300170,C
300171,B
300172,B
300173,B
300174,B
300175,C
300176,B
300177,B
300179,B
300180,C
300181,B
300182,B
300183,B
300184,C
300185,B
300187,A
300188,B
300189,B
300190,B
300191,B
300192,B
300193,C
300194,B
300195,C
300196,B
300197,B
300198,C
300199,C
300200,B
300201,C
300203,C
300204,B
300205,C
300206,B
300207,B
300208,B
300209,C
300210,B
300211,B
300212,B
300213,C
300214,C
300215,C
300217,C
300218,B
300219,B
300220,B
300221,C
300222,B
300223,B
300224,A
300225,B
300226,B
300227,B
300228,B
300229,B
300230,B
300231,B
300232,B
300233,B
300234,B
300235,C
300236,C
300237,B
300238,B
300239,B
300240,C
300241,B
300242,B
300243,A
300244,B
300245,B
300246,A
300247,B
300248,B
300249,B
300250,B
300251,B
300252,B
300253,C
300254,C
300255,B
300256,B
300257,B
300258,B
300259,B
300260,B
300261,B
300262,B
300263,C
300264,B
300265,B
300266,B
300267,B
300268,B
300269,C
300270,C
300271,C
300272,B
300274,B
300275,B
300276,B
300277,B
300278,B
300279,B
300280,B
300281,B
300282,C
300283,B
300284,C
300285,B
300286,B
300287,B
300288,A
300289,A
300290,B
300291,B
300292,B
300293,B
300294,B
300295,C
300296,B
300298,B
300299,C
300300,C
300301,C
300302,C
300303,C
300304,B
300305,C
300306,B
300307,B
300308,C
300310,C
300311,B
300313,C
300314,B
300315,C
300316,B
300317,C
300318,B
300319,C
300320,C
300321,C
300322,B
300323,B
300324,C
300326,C
300327,C
300328,B
300329,B
300331,B
300332,B
300333,C
300334,B
300335,C
300337,B
300338,C
300339,C
300340,B
300341,B
300342,B
300343,C
300344,C
300345,B
300346,C
300347,B
300348,C
300349,B
300350,B
300351,B
300352,B
300353,B
300354,A
300355,B
300357,B
300358,B
300359,B
300360,B
300363,B
300364,B
300365,C
300366,B
300368,B
300369,C
300370,C
300371,B
300373,B
300374,B
300375,B
300376,B
300377,B
300378,B
300379,C
300380,B
300381,B
300382,B
300383,B
300384,B
300385,B
300386,B
300387,B
300388,C
300389,B
300390,B
300391,C
300393,C
300394,B
300395,C
300396,B
300397,B
300398,B
300399,B
300400,B
300401,B
300402,A
300403,B
300404,B
300405,B
300406,B
300407,C
300408,B
300409,B
300410,B
300411,C
300412,B
300413,A
300414,B
300415,B
300416,B
300417,C
300418,B
300419,B
300420,C
300421,B
300422,C
300423,C
300424,C
300425,B
300426,C
300427,C
300428,B
300429,B
300430,B
300432,B
300433,A
300434,B
300435,B
300436,B
300437,B
300438,B
300439,B
300440,A
300441,A
300442,A
300443,B
300444,C
300445,C
300446,B
300447,B
300448,B
300449,C
300450,C
300451,C
300452,B
300453,C
300454,C
300455,C
300456,B
300457,B
300458,C
300459,C
300460,C
300461,B
300462,B
300463,C
300464,C
300465,B
300466,B
300467,C
300468,B
300469,C
300470,B
300471,C
300472,C
300473,C
300474,B
300475,C
300476,C
300477,C
300478,B
300479,B
300480,B
300481,B
300482,B
300483,C
300484,C
300485,B
300486,B
300487,B
300488,A
300489,B
300490,B
300491,C
300492,A
300493,B
300494,B
300495,B
300496,A
300497,A
300498,C
300499,B
300500,B
300501,B
300502,C
300503,B
300504,B
300505,B
300506,C
300507,B
300508,B
300509,B
300510,B
300511,B
300512,B
300513,C
300514,B
300515,B
300516,A
300517,A
300518,C
300519,B
300520,B
300521,B
300522,B
300523,C
300525,B
300527,B
300528,B
300529,B
300530,B
300531,B
300532,B
300533,A
300534,B
300535,B
300536,C
300537,B
300538,C
300539,B
300540,B
300541,C
300542,B
300543,B
300545,A
300546,B
300547,C
300548,C
300549,B
300550,B
300551,B
300552,B
300553,B
300554,B
300555,C
300556,C
300557,C
300558,C
300559,B
300560,B
300561,B
300562,A
300563,B
300564,B
300565,B
300566,B
300567,B
300568,C
300569,B
300570,C
300571,B
300572,B
300573,B
300575,B
300576,C
300577,B
300578,C
300579,B
300580,A
300581,B
300582,B
300583,C
300584,B
300585,B
300586,B
300587,C
300588,B
300589,B
300590,B
300591,C
300592,C
300593,C
300594,B
300595,B
300596,C
300597,C
300598,C
300599,C
300600,B
300601,B
300602,B
300603,B
300604,B
300605,B
300606,C
300607,B
300608,B
300609,B
300610,B
300611,B
300612,B
300613,C
300614,B
300615,B
300616,C
300617,C
300618,C
300619,C
300620,C
300621,B
300622,C
300623,B
300624,C
300625,C
300626,C
300627,B
300628,B
300629,B
300630,B
300631,C
300632,C
300633,C
300634,C
300635,C
300636,C
300637,B
300638,B
300639,B
300640,B
300641,C
300642,B
300643,B
300644,C
300645,B
300647,C
300648,C
300649,C
300650,B
300651,B
300652,B
300653,B
300654,A
300655,B
300656,C
300657,C
300658,C
300659,C
300660,B
300661,B
300662,A
300663,B
300664,B
300665,B
300666,B
300667,C
300668,B
300669,B
300670,B
300671,B
300672,B
300673,B
300674,B
300675,A
300676,A
300677,B
300678,B
300679,B
300680,B
300681,B
300682,C
300683,B
300684,C
300685,B
300686,C
300687,C
300688,B
300689,B
300690,B
300691,B
300692,C
300693,C
300694,C
300695,C
300696,C
300697,C
300698,C
300699,B
300700,C
300701,C
300702,B
300703,B
300705,B
300706,B
300707,C
300708,B
300709,B
300710,C
300711,A
300712,B
300713,A
300715,B
300716,C
300717,B
300718,B
300719,B
300720,B
300721,C
300722,B
300723,B
300724,C
300725,C
300726,B
300727,B
300729,C
300730,C
300731,B
300732,B
300733,B
300735,A
300736,B
300737,B
300738,B
300739,A
300740,B
300741,A
300742,C
300743,C
300745,B
300746,B
300747,B
300748,B
300749,B
300750,C
300751,C
300752,A
300753,B
300755,B
300756,C
300757,C
300758,C
300759,C
300760,C
300761,C
300762,B
300763,B
300765,A
300766,C
300767,C
300768,A
300769,B
300770,B
300771,B
300772,B
300773,B
300774,A
300775,C
300776,B
300777,C
300778,B
300779,B
300780,C
300781,C
300782,C
300783,B
300785,B
300786,B
300787,B
300788,B
300789,B
300790,B
300791,B
300792,B
300793,B
300795,B
300796,B
300797,A
300798,C
300799,C
300800,B
300801,B
300802,B
300803,B
300804,B
300805,B
300806,B
300807,B
300808,B
300809,C
300810,B
300811,C
300812,C
300813,A
300814,B
300815,B
300816,B
300817,B
300818,A
300819,B
300820,C
300821,B
300822,C
300823,B
300824,B
300825,C
300826,A
300827,B
300828,B
300829,B
300830,B
300831,B
300832,C
300833,B
300834,B
300835,B
300836,B
300837,B
300838,B
300839,A
300840,C
300841,C
300842,C
300843,A
300844,B
300845,C
300846,B
300847,C
300848,B
300849,C
300850,C
300851,B
300852,B
300853,B
300854,B
300855,B
300856,A
300857,B
300858,B
300859,C
300860,B
300861,B
300862,C
300863,B
300864,C
300865,B
300866,B
300867,C
300868,B
300869,B
300870,C
300871,B
300872,C
300873,B
300875,B
300876,B
300877,B
300878,B
300879,B
300880,B
300881,B
300882,A
300883,C
300884,B
300885,B
300886,B
300887,B
300888,A
300889,B
300890,C
300891,C
300892,B
300893,B
300894,B
300895,B
300896,B
300897,B
300898,B
300899,B
300900,B
300901,B
300902,B
300903,C
300904,B
300905,C
300906,B
300907,B
300908,B
300909,B
300910,B
300911,B
300912,B
300913,B
300915,B
300916,B
300917,A
300918,A
300919,B
300920,B
300921,B
300922,B
300923,A
300925,B
300926,B
300927,B
300928,B
300929,C
300930,A
300931,C
300932,B
300933,A
300935,C
300936,B
300937,B
300938,C
300939,B
300940,C
300941,B
300942,B
300943,A
300945,B
300946,A
300947,B
300948,B
300949,B
300950,B
300951,B
300952,B
300953,B
300955,A
300956,A
300957,B
300958,B
300959,B
300960,B
300961,C
300962,A
300963,B
300964,C
300965,B
300966,C
300967,B
300968,B
300969,A
300970,B
300971,B
300972,B
300973,C
300975,B
300976,B
300977,C
300978,C
300979,B
300980,B
300981,B
300982,B
300983,B
300984,C
300985,A
300986,B
300987,B
300988,C
300989,C
300990,C
300991,B
300992,C
300993,C
300994,B
300995,B
300996,C
300997,B
300998,B
300999,A
301000,B
301001,B
301002,C
301003,B
301004,A
301005,A
301006,B
301007,C
301008,B
301009,A
301010,B
301011,B
301012,B
301013,B
301015,A
301016,A
301017,B
301018,C
301019,C
301020,B
301021,C
301022,B
301023,B
301024,A
301025,B
301026,B
301027,C
301028,B
301029,C
301030,C
301031,C
301032,C
301033,C
301035,B
301036,B
301037,B
301038,B
301039,B
301040,C
301041,B
301042,C
301043,B
301045,C
301046,C
301047,A
301048,B
301049,C
301050,B
301051,B
301052,B
301053,A
301055,B
301056,B
301057,B
301058,B
301059,B
301060,B
301061,B
301062,B
301063,C
301065,B
301066,B
301067,B
301068,B
301069,B
301070,C
301071,B
301072,C
301073,B
301075,A
301076,B
301077,B
301078,B
301079,B
301080,B
301081,B
301082,A
301083,B
301085,B
301086,A
301087,B
301088,B
301089,C
301090,B
301091,C
301092,A
301093,C
301095,C
301096,C
301097,B
301098,B
301099,A
301100,A
301101,A
301102,B
301103,C
301105,C
301106,B
301107,B
301108,A
301109,A
301110,C
301111,B
301112,B
301113,B
301115,C
301116,A
301117,A
301118,A
301119,B
301120,A
301121,C
301122,C
301123,B
301125,C
301126,B
301127,B
301128,B
301129,A
301130,C
301131,C
301132,C
301133,A
301135,C
301136,B
301137,C
301138,C
301139,C
301141,B
301148,B
301149,B
301150,B
301151,A
301152,C
301153,B
301155,B
301156,B
301157,B
301158,B
301159,B
301160,B
301161,C
301162,C
301163,B
301165,B
301166,B
301167,B
301168,B
301169,B
301170,B
301171,B
301172,B
301175,A
301176,A
301177,B
301178,C
301179,B
301180,B
301181,B
301182,A
301183,B
301185,B
301186,A
301187,B
301188,B
301189,B
301190,C
301191,B
301192,B
301193,B
301195,C
301196,A
301197,C
301198,B
301199,B
301200,A
301201,B
301202,B
301203,B
301205,C
301206,B
301207,B
301208,C
301209,B
301210,C
301211,B
301212,B
301213,B
301215,B
301216,B
301217,B
301218,C
301219,B
301220,B
301221,B
301222,B
301223,B
301225,B
301226,A
301227,A
301228,B
301229,B
301230,B
301231,B
301232,C
301233,B
301234,C
301235,B
301236,B
301237,B
301238,A
301239,B
301246,C
301248,C
301251,B
301252,B
301255,A
301256,B
301257,C
301258,A
301259,B
301260,A
301261,A
301262,B
301263,C
301265,C
301266,B
301267,C
301268,B
301269,C
301270,C
301272,C
301273,B
301276,B
301277,A
301278,B
301279,B
301280,C
301281,B
301282,B
301283,B
301285,A
301286,A
301287,A
301288,B
301289,A
301290,B
301291,B
301292,A
301293,C
301295,C
301296,B
301297,B
301298,B
301299,B
301300,A
301301,A
301302,C
301303,B
301305,C
301306,B
301307,B
301308,B
301309,C
301310,C
301311,A
301312,B
301313,C
301314,C
301315,B
301316,C
301317,B
301318,B
301319,B
301320,B
301321,B
301322,B
301323,B
301325,B
301326,B
301327,B
301328,B
301329,B
301330,C
301331,B
301332,B
301333,B
301335,C
301336,C
301337,B
301338,C
301339,B
301345,B
301348,C
301349,C
301353,C
301355,C
301356,B
301357,B
301358,C
301359,C
301360,C
301361,C
301362,B
301363,B
301365,C
301366,C
301367,C
301368,B
301369,B
301370,B
301371,A
301372,B
301373,B
301376,A
301377,B
301378,B
301379,C
301380,C
301381,B
301382,C
301383,C
301386,B
301387,B
301388,C
301389,A
301390,C
301391,B
301393,B
301395,C
301396,B
301397,B
301398,A
301399,B
301408,B
301418,B
301419,C
301421,B
301428,B
301429,B
301439,B
301446,B
301448,B
301456,B
301468,B
301469,B
301486,B
301487,B
301488,B
301489,C
301498,B
301499,B
301500,C
301503,B
301505,C
301507,A
301509,B
301510,B
301511,C
301512,C
301515,C
301517,B
301518,B
301519,B
301520,B
301525,C
301528,B
301529,B
301533,C
301548,B
301550,B
301558,B
301559,A
430017,B
430047,B
430090,B
430139,A
430198,B
430300,B
430418,A
430425,B
430476,B
430478,B
430489,C
430510,B
430556,C
430564,C
430685,C
430718,B
600000,B
600004,A
600006,A
600007,A
600008,B
600009,B
600010,B
600011,C
600012,C
600015,C
600016,C
600017,B
600018,C
600019,C
600020,C
600021,B
600022,D
600023,B
600025,B
600026,B
600027,B
600028,B
600029,B
600030,C
600031,C
600032,B
600033,B
600035,B
600036,C
600037,B
600038,B
600039,B
600048,B
600050,B
600051,B
600052,B
600053,B
600054,A
600055,A
600056,B
600057,B
600058,B
600059,B
600060,B
600061,B
600062,A
600063,B
600064,A
600066,A
600067,B
600070,C
600071,A
600072,B
600073,B
600075,B
600076,B
600078,C
600079,B
600080,B
600081,A
600082,B
600083,B
600084,A
600085,A
600088,B
600089,C
600094,D
600095,B
600096,B
600097,B
600098,A
600099,A
600100,B
600101,B
600103,C
600104,A
600105,B
600106,C
600107,B
600108,C
600109,B
600110,B
600111,A
600112,C
600113,A
600114,C
600115,B
600116,B
600117,B
600118,A
600119,A
600120,B
600121,B
600123,B
600125,C
600126,B
600127,B
600128,B
600129,B
600130,B
600131,A
600132,B
600133,C
600135,A
600136,C
600137,A
600138,C
600141,C
600143,C
600148,B
600149,B
600150,A
600151,B
600152,B
600153,A
600155,C
600156,A
600157,B
600158,B
600159,A
600160,A
600161,B
600162,B
600163,A
600165,B
600166,B
600167,B
600168,B
600169,A
600170,B
600171,B
600172,C
600173,B
600176,B
600177,B
600178,A
600179,D
600180,B
600182,B
600183,B
600184,B
600185,B
600186,C
600187,C
600188,B
600189,B
600190,C
600191,B
600192,B
600193,B
600195,B
600196,B
600197,B
600198,B
600199,A
600200,B
600201,B
600202,B
600203,C
600206,B
600207,B
600208,C
600210,B
600211,B
600212,C
600213,A
600215,B
600216,B
600217,B
600218,A
600219,B
600220,C
600221,C
600222,C
600223,B
600225,C
600226,C
600227,B
600228,B
600229,A
600230,B
600231,B
600232,B
600233,C
600234,B
600235,B
600236,B
600237,B
600238,B
600239,B
600241,B
600243,C
600246,B
600248,A
600249,B
600250,B
600251,A
600252,A
600255,C
600256,B
600257,B
600258,B
600259,B
600261,B
600262,B
600265,A
600266,A
600267,B
600268,A
600269,A
600271,B
600272,B
600273,B
600276,D
600277,B
600278,A
600279,A
600280,A
600281,B
600282,B
600283,B
600284,A
600285,B
600287,A
600288,B
600289,B
600290,C
600292,B
600293,C
600295,C
600297,B
600298,B
600299,B
600300,B
600301,A
600302,B
600303,C
600305,B
600306,C
600307,B
600308,B
600309,D
600310,B
600312,B
600313,B
600315,A
600316,B
600318,C
600319,B
600320,C
600321,C
600322,C
600323,B
600325,B
600326,B
600327,A
600328,B
600329,A
600330,C
600331,A
600332,A
600333,A
600335,A
600336,C
600337,C
600338,C
600339,A
600340,C
600343,B
600345,B
600346,C
600348,B
600350,B
600351,C
600352,D
600353,B
600354,B
600355,B
600356,B
600358,B
600359,B
600360,C
600361,B
600362,A
600363,B
600365,C
600366,B
600367,B
600368,A
600369,B
600370,A
600371,B
600372,B
600373,A
600375,B
600376,A
600377,B
600378,A
600379,B
600380,B
600381,B
600382,B
600383,B
600386,A
600387,C
600388,B
600389,B
600390,A
600391,B
600392,C
600395,B
600396,C
600397,B
600398,B
600399,B
600400,B
600403,B
600405,C
600406,B
600408,A
600409,B
600410,C
600415,A
600416,C
600418,B
600419,B
600420,C
600421,B
600422,B
600423,B
600425,B
600426,B
600428,B
600429,C
600433,C
600435,B
600436,A
600438,A
600439,B
600444,B
600446,B
600448,B
600449,A
600452,A
600455,B
600456,A
600458,B
600459,B
600460,B
600461,B
600462,C
600463,A
600467,A
600468,A
600469,A
600470,A
600475,A
600476,B
600477,B
600478,C
600479,B
600480,B
600481,C
600482,B
600483,A
600486,A
600487,B
600488,A
600489,B
600490,B
600491,B
600493,C
600495,B
600496,B
600497,A
600498,B
600499,B
600500,A
600501,C
600502,B
600503,C
600505,C
600506,B
600507,B
600508,A
600509,B
600510,A
600511,A
600512,C
600513,B
600515,C
600516,A
600517,A
600518,C
600519,B
600520,C
600521,B
600522,B
600523,A
600525,C
600526,B
600527,B
600528,A
600529,C
600530,C
600531,B
600533,B
600535,A
600536,A
600537,B
600538,C
600539,B
600540,B
600543,C
600545,B
600546,B
600547,B
600548,C
600549,B
600550,A
600551,A
600552,B
600556,B
600557,A
600558,B
600559,B
600560,B
600561,B
600562,A
600563,B
600565,B
600566,B
600567,B
600568,C
600569,A
600570,B
600571,B
600572,B
600573,A
600575,B
600576,B
600577,C
600578,A
600579,A
600580,B
600581,B
600582,A
600583,A
600584,C
600585,C
600586,B
600587,B
600588,B
600589,C
600590,B
600592,B
600593,B
600594,B
600595,B
600596,C
600597,B
600598,A
600599,C
600600,B
600601,B
600602,B
600603,B
600604,A
600605,A
600606,B
600608,C
600609,B
600610,B
600611,B
600612,B
600613,B
600615,A
600616,B
600617,B
600618,A
600619,B
600620,C
600621,B
600622,C
600623,B
600624,C
600626,B
600628,B
600629,B
600630,B
600633,A
600635,C
600636,B
600637,B
600638,C
600639,A
600640,A
600641,B
600642,A
600643,B
600644,B
600645,B
600647,A
600648,A
600649,B
600650,B
600651,C
600653,C
600654,C
600655,C
600657,A
600658,B
600660,B
600661,B
600662,A
600663,A
600664,A
600665,A
600666,C
600667,B
600668,C
600671,C
600673,C
600674,B
600675,A
600676,B
600678,B
600679,C
600681,C
600682,B
600683,B
600684,C
600685,B
600686,B
600688,B
600689,B
600690,B
600691,B
600692,B
600693,A
600694,B
600696,B
600697,B
600698,A
600699,B
600702,B
600703,B
600704,B
600705,B
600706,B
600707,B
600708,B
600710,B
600711,C
600712,C
600713,B
600714,B
600715,B
600716,A
600717,A
600718,B
600719,B
600720,B
600721,B
600722,A
600724,A
600725,B
600726,A
600727,A
600728,B
600729,A
600730,B
600731,B
600732,B
600733,B
600734,A
600735,A
600736,B
600737,A
600738,B
600739,C
600740,B
600741,B
600742,C
600743,B
600744,B
600745,C
600746,B
600748,B
600749,C
600750,B
600751,B
600753,A
600754,A
600755,A
600756,B
600757,A
600758,B
600759,B
600760,A
600761,B
600763,B
600764,B
600765,B
600766,C
600768,B
600769,B
600770,B
600771,C
600773,A
600774,B
600775,B
600776,B
600777,C
600778,B
600779,A
600780,A
600782,A
600783,B
600784,B
600785,B
600787,A
600789,B
600790,B
600791,B
600792,A
600793,B
600794,B
600795,B
600796,B
600797,C
600798,B
600800,B
600801,C
600802,B
600803,B
600804,C
600805,B
600807,C
600808,B
600809,B
600810,A
600811,C
600812,B
600814,A
600815,B
600816,B
600817,A
600818,C
600819,B
600820,B
600821,C
600822,B
600823,C
600824,B
600825,B
600826,B
600827,A
600828,A
600829,A
600830,B
600831,B
600833,A
600834,A
600835,A
600836,B
600837,B
600838,B
600839,B
600841,B
600843,C
600844,B
600845,B
600846,B
600847,C
600848,C
600850,B
600851,B
600853,B
600854,B
600855,B
600857,C
600858,B
600859,B
600860,B
600861,A
600862,B
600863,A
600864,B
600865,B
600866,B
600867,B
600868,C
600869,B
600871,B
600872,C
600873,B
600874,B
600875,A
600876,B
600877,B
600879,C
600880,B
600881,C
600882,B
600883,C
600884,B
600885,B
600886,B
600887,C
600888,B
600889,B
600892,A
600893,A
600894,A
600895,A
600897,B
600898,C
600900,B
600901,C
600903,C
600905,B
600906,B
600908,C
600909,C
600916,B
600917,D
600918,B
600919,D
600925,B
600926,D
600927,C
600928,D
600929,B
600933,B
600935,B
600936,C
600938,B
600939,C
600941,B
600955,D
600956,B
600958,C
600959,B
600960,C
600961,B
600962,B
600963,C
600965,B
600966,B
600967,A
600968,A
600969,C
600970,B
600971,A
600973,B
600975,B
600976,A
600977,A
600979,B
600980,A
600981,A
600982,C
600983,B
600984,B
600985,A
600986,C
600987,B
600988,C
600989,C
600990,A
600992,A
600993,B
600995,A
600996,B
600997,B
600998,B
600999,C
601000,A
601001,A
601002,B
601003,A
601005,B
601006,A
601007,B
601008,B
601009,C
601010,B
601011,B
601012,C
601015,A
601016,B
601018,B
601019,A
601020,C
601021,B
601022,A
601028,C
601038,A
601058,C
601059,B
601061,B
601065,B
601066,C
601068,A
601069,B
601077,C
601086,B
601088,B
601089,B
601098,A
601099,C
601100,B
601101,B
601106,B
601107,B
601108,C
601111,B
601113,C
601116,B
601117,B
601118,B
601121,B
601126,B
601127,C
601128,C
601133,B
601136,B
601137,B
601138,B
601139,B
601155,B
601156,B
601158,B
601162,B
601163,A
601166,C
601168,B
601169,D
601177,B
601179,B
601186,B
601187,C
601188,B
601198,B
601199,B
601200,B
601208,C
601211,B
601212,B
601216,B
601218,B
601222,A
601225,A
601226,A
601228,A
601229,C
601231,A
601233,C
601236,C
601238,B
601279,B
601288,C
601298,C
601311,C
601318,C
601319,C
601326,B
601328,C
601330,D
601333,C
601336,C
601339,C
601360,B
601366,D
601368,B
601369,A
601375,B
601377,C
601388,B
601390,B
601398,C
601399,B
601456,C
601500,B
601512,B
601515,B
601518,A
601519,B
601528,C
601555,C
601566,A
601567,C
601568,D
601577,C
601579,C
601588,B
601595,B
601598,C
601599,C
601600,C
601601,B
601606,A
601607,C
601608,B
601609,B
601611,A
601615,C
601616,C
601618,B
601619,C
601628,C
601633,C
601636,B
601658,B
601665,B
601666,A
601668,A
601669,A
601677,C
601678,C
601686,C
601688,C
601689,A
601696,B
601698,A
601699,A
601700,B
601702,B
601717,C
601718,B
601727,C
601728,A
601766,B
601777,B
601778,B
601788,B
601789,B
601798,B
601799,C
601800,B
601801,B
601808,B
601811,A
601816,B
601818,B
601825,D
601827,B
601828,D
601838,D
601857,A
601858,B
601860,C
601865,C
601866,C
601868,B
601869,C
601872,A
601877,C
601878,B
601880,D
601881,C
601882,B
601886,B
601888,B
601890,C
601898,B
601899,C
601900,A
601901,B
601908,B
601916,B
601918,B
601919,C
601921,A
601928,A
601929,B
601933,D
601939,A
601949,A
601952,A
601956,B
601958,A
601963,C
601965,B
601966,B
601968,B
601969,D
601975,B
601985,A
601988,B
601989,C
601990,C
601991,C
601992,B
601995,B
601996,B
601997,C
601998,B
601999,B
603000,B
603001,C
603002,B
603003,B
603005,B
603006,A
603007,B
603008,B
603009,B
603010,B
603011,B
603012,C
603013,B
603015,B
603016,B
603017,A
603018,C
603019,C
603020,B
603021,C
603022,B
603023,C
603025,B
603026,B
603027,B
603028,B
603029,A
603030,C
603031,C
603032,B
603033,B
603033,B
603035,A
603036,C
603037,C
603038,A
603039,B
603040,A
603041,A
603042,B
603043,B
603045,B
603048,B
603050,C
603051,C
603052,C
603053,B
603055,B
603056,A
603057,B
603058,B
603059,A
603060,A
603061,C
603063,B
603065,C
603066,B
603067,B
603068,B
603069,B
603070,A
603071,A
603073,B
603075,A
603076,C
603077,C
603078,C
603079,B
603080,B
603081,B
603083,B
603085,B
603086,B
603087,B
603088,B
603089,B
603090,B
603093,A
603095,B
603096,A
603097,A
603098,B
603099,A
603100,A
603101,A
603102,B
603103,A
603105,C
603106,B
603108,B
603109,B
603110,B
603111,C
603112,B
603113,A
603115,A
603116,B
603117,C
603118,B
603119,B
603121,B
603122,A
603123,B
603125,B
603126,A
603127,B
603128,B
603129,C
603130,B
603131,C
603132,B
603133,C
603135,B
603136,C
603137,C
603138,B
603139,B
603150,B
603151,B
603153,C
603155,C
603156,D
603158,B
603159,B
603160,B
603161,B
603162,A
603163,A
603165,B
603166,A
603167,B
603168,C
603169,B
603170,B
603171,B
603172,B
603173,A
603176,C
603177,B
603178,B
603179,B
603180,B
603181,C
603182,C
603183,C
603185,B
603186,A
603187,B
603188,B
603189,B
603190,C
603191,C
603192,B
603193,B
603195,B
603196,B
603197,B
603198,B
603199,C
603200,C
603201,C
603203,C
603206,C
603208,B
603209,B
603211,B
603212,B
603213,A
603214,B
603215,A
603216,A
603217,A
603218,B
603219,B
603220,B
603221,A
603222,C
603223,B
603225,C
603226,C
603227,B
603228,B
603229,B
603230,A
603232,C
603233,C
603235,B
603236,C
603237,C
603238,A
603239,B
603255,B
603256,B
603258,C
603259,C
603260,B
603261,A
603266,B
603267,B
603268,B
603269,C
603270,B
603272,A
603273,A
603275,B
603276,B
603277,B
603278,B
603279,B
603280,B
603281,C
603282,C
603283,C
603286,C
603288,B
603289,B
603290,B
603291,A
603296,B
603297,B
603298,B
603299,A
603300,C
603301,B
603303,B
603305,C
603306,C
603307,B
603308,B
603309,B
603311,B
603313,B
603315,B
603316,B
603317,A
603318,C
603319,C
603320,B
603321,B
603322,B
603323,C
603324,A
603326,A
603327,A
603328,B
603329,B
603330,B
603331,C
603332,B
603333,C
603335,B
603336,B
603337,C
603338,B
603339,B
603345,B
603348,C
603351,C
603353,B
603355,B
603356,B
603357,B
603358,B
603359,B
603360,B
603363,B
603365,B
603366,A
603367,B
603368,B
603369,B
603377,C
603378,C
603379,B
603380,B
603383,B
603385,B
603386,A
603387,B
603388,C
603389,A
603390,B
603392,A
603393,B
603396,B
603398,C
603399,B
603408,D
603416,C
603421,B
603429,B
603439,B
603444,B
603456,B
603458,C
603466,C
603477,B
603486,B
603488,B
603489,B
603496,C
603499,B
603500,B
603501,B
603505,B
603506,B
603507,C
603508,C
603511,B
603515,B
603516,C
603517,B
603518,C
603519,B
603520,B
603527,B
603528,B
603529,A
603530,B
603533,C
603535,B
603536,B
603538,B
603551,B
603555,C
603556,A
603557,B
603558,B
603559,C
603565,B
603566,B
603567,A
603568,C
603569,B
603577,C
603578,C
603579,C
603580,C
603583,B
603585,B
603586,A
603587,B
603588,C
603589,C
603590,B
603595,B
603596,C
603598,B
603599,B
603600,B
603601,B
603602,B
603603,C
603605,B
603606,B
603607,B
603608,C
603609,C
603610,C
603611,B
603612,C
603613,C
603615,B
603616,B
603617,B
603618,B
603619,B
603626,C
603628,B
603629,B
603630,B
603633,B
603636,B
603637,C
603638,D
603639,B
603648,B
603650,B
603655,A
603656,B
603657,B
603658,B
603659,B
603660,B
603661,B
603662,B
603663,C
603665,C
603666,B
603667,C
603668,C
603669,B
603676,B
603677,C
603678,B
603679,C
603680,B
603681,B
603682,B
603683,B
603685,C
603686,C
603687,A
603688,C
603689,B
603690,B
603693,B
603696,B
603697,A
603698,B
603699,D
603700,C
603701,C
603703,C
603706,C
603707,C
603708,B
603709,B
603711,A
603712,B
603713,B
603716,C
603717,C
603718,B
603719,B
603721,A
603722,B
603725,B
603726,A
603727,B
603728,A
603729,B
603730,B
603733,A
603737,A
603738,B
603739,B
603755,A
603757,C
603758,B
603759,A
603766,B
603767,B
603768,B
603773,B
603776,B
603777,B
603778,B
603779,B
603786,B
603787,B
603788,B
603789,C
603790,C
603797,B
603798,C
603799,C
603800,B
603801,C
603803,C
603806,A
603808,A
603809,B
603810,B
603811,B
603813,A
603815,B
603816,B
603817,B
603818,B
603819,B
603822,A
603823,A
603825,B
603826,B
603828,B
603829,C
603833,B
603836,C
603838,C
603839,B
603843,C
603848,C
603855,C
603856,B
603858,B
603859,C
603860,B
603861,C
603863,B
603866,B
603867,C
603868,A
603869,B
603871,B
603876,B
603877,A
603878,C
603879,C
603880,C
603881,B
603882,D
603883,B
603885,B
603886,B
603887,B
603888,B
603889,B
603890,B
603893,B
603895,B
603896,C
603897,C
603898,B
603899,B
603900,B
603901,B
603903,B
603906,B
603908,B
603909,B
603912,B
603915,A
603916,B
603917,C
603918,C
603919,C
603920,A
603922,B
603926,B
603927,C
603928,C
603929,A
603931,B
603933,B
603936,C
603937,B
603938,C
603939,D
603948,C
603949,C
603950,B
603955,B
603956,B
603958,A
603959,B
603960,C
603963,C
603966,B
603967,A
603968,C
603969,C
603970,A
603976,B
603977,A
603978,C
603979,B
603980,B
603982,B
603983,B
603985,B
603986,C
603987,B
603988,C
603989,B
603990,C
603991,C
603992,D
603993,C
603995,B
603997,C
603998,B
603999,A
605001,B
605003,A
605005,A
605006,B
605007,D
605008,B
605009,D
605011,B
605016,B
605018,B
605020,A
605028,A
605033,B
605050,C
605055,B
605056,C
605058,B
605060,C
605066,C
605068,B
605069,B
605077,C
605080,A
605081,B
605086,A
605088,B
605089,A
605090,B
605098,B
605099,B
605100,B
605108,C
605111,C
605116,D
605117,B
605118,A
605122,A
605123,B
605128,B
605133,B
605136,B
605138,B
605151,B
605155,A
605158,A
605162,B
605166,C
605167,B
605168,B
605169,B
605177,B
605178,B
605179,B
605180,B
605183,B
605186,B
605188,B
605189,B
605196,C
605198,C
605199,B
605208,B
605218,A
605222,C
605228,A
605255,B
605258,C
605259,B
605266,D
605268,B
605277,C
605286,C
605287,C
605288,B
605289,C
605296,B
605298,B
605299,A
605300,B
605303,B
605305,C
605318,B
605319,C
605333,B
605336,B
605337,B
605338,B
605339,B
605358,C
605365,C
605366,B
605368,B
605369,B
605376,C
605377,C
605378,C
605388,C
605389,B
605398,C
605399,B
605488,B
605499,B
605500,C
605507,C
605555,C
605566,C
605567,B
605577,A
605580,B
605588,A
605589,B
605598,A
605599,C
688001,B
688002,C
688003,C
688004,C
688005,B
688006,B
688007,C
688008,C
688009,A
688010,C
688011,B
688012,C
688013,C
688015,C
688016,B
688017,C
688018,A
688019,B
688020,C
688021,C
688022,B
688023,C
688025,B
688026,B
688027,C
688028,B
688029,C
688030,C
688031,C
688032,B
688033,B
688035,B
688036,B
688037,C
688038,C
688039,C
688041,B
688045,C
688046,A
688047,C
688048,C
688049,B
688050,C
688051,C
688052,C
688053,B
688055,C
688056,B
688057,C
688058,B
688059,C
688060,B
688061,B
688062,B
688063,B
688065,C
688066,B
688067,B
688068,B
688069,C
688070,C
688071,C
688072,C
688073,B
688075,B
688076,C
688077,B
688078,B
688079,B
688080,B
688081,B
688082,A
688083,B
688084,B
688085,B
688087,B
688088,B
688089,A
688090,B
688091,C
688092,B
688093,C
688095,B
688096,C
688097,B
688098,C
688099,C
688100,B
688101,B
688102,B
688103,B
688105,B
688106,B
688107,B
688108,B
688109,B
688110,B
688111,B
688112,C
688113,C
688114,A
688115,B
688116,C
688117,B
688118,B
688119,B
688120,B
688121,B
688122,C
688123,C
688125,B
688126,D
688127,B
688128,B
688129,B
688130,A
688131,B
688132,B
688133,C
688135,B
688136,A
688137,B
688138,B
688139,B
688141,B
688143,B
688146,A
688147,B
688148,C
688150,B
688151,B
688152,B
688153,B
688155,B
688156,B
688157,B
688158,C
688159,B
688160,B
688161,B
688162,B
688163,B
688165,C
688166,B
688167,C
688168,B
688169,B
688170,C
688171,B
688172,B
688173,B
688175,A
688176,B
688177,C
688178,B
688179,C
688180,C
688181,C
688182,B
688183,A
688184,C
688185,B
688186,C
688187,C
688188,D
688189,C
688190,C
688191,B
688192,C
688193,C
688195,C
688196,B
688197,A
688198,B
688199,C
688200,B
688201,B
688202,C
688203,B
688205,B
688206,C
688207,C
688208,B
688209,C
688210,B
688211,D
688212,C
688213,C
688215,B
688216,B
688217,C
688218,C
688219,B
688220,C
688221,B
688222,C
688223,A
688225,B
688226,C
688227,B
688228,C
688229,C
688230,B
688231,B
688232,C
688233,C
688234,C
688235,C
688236,B
688237,B
688238,B
688239,C
688244,B
688246,C
688247,B
688248,B
688249,C
688251,C
688252,A
688253,C
688255,B
688256,B
688257,B
688258,B
688259,B
688260,C
688261,C
688262,C
688265,B
688266,B
688267,B
688268,B
688269,B
688270,C
688271,D
688272,C
688273,C
688275,C
688276,B
688277,C
688278,B
688279,B
688280,C
688281,B
688282,C
688283,B
688285,B
688286,C
688287,B
688288,B
688289,B
688290,B
688291,C
688292,C
688293,C
688295,C
688296,B
688297,C
688298,C
688299,C
688300,B
688301,C
688302,C
688303,A
688305,B
688306,A
688307,B
688308,C
688309,B
688310,B
688311,B
688312,A
688313,B
688314,A
688315,A
688316,B
688317,B
688318,A
688319,B
688320,C
688321,C
688322,B
688323,B
688325,B
688326,B
688327,B
688328,C
688329,B
688330,C
688331,B
688332,B
688333,C
688334,B
688335,C
688336,B
688337,B
688338,B
688339,C
688343,C
688345,B
688347,B
688348,C
688349,B
688350,B
688351,C
688352,C
688353,C
688355,C
688356,C
688357,C
688358,B
688359,B
688360,B
688361,C
688362,C
688363,A
688365,B
688366,D
688367,C
688368,C
688369,B
688370,B
688371,B
688372,B
688373,C
688375,B
688376,B
688377,B
688378,C
688379,B
688380,C
688381,C
688382,C
688383,C
688385,B
688386,B
688387,B
688388,B
688389,B
688390,B
688391,C
688392,C
688393,C
688395,B
688396,A
688398,B
688399,B
688400,B
688401,B
688403,B
688408,B
688409,C
688410,B
688416,C
688418,C
688419,C
688420,C
688425,B
688426,C
688428,C
688429,C
688432,C
688433,B
688435,B
688439,B
688443,A
688448,C
688450,B
688455,B
688456,B
688458,C
688459,A
688466,B
688468,C
688469,C
688472,A
688475,B
688478,C
688479,A
688480,B
688484,C
688485,C
688486,B
688488,C
688489,B
688496,B
688498,B
688499,A
688500,C
688501,C
688502,A
688503,C
688505,C
688506,A
688507,B
688508,B
688509,A
688510,B
688511,B
688512,C
688513,B
688515,C
688516,B
688517,B
688518,C
688519,B
688520,B
688521,C
688522,B
688523,B
688525,C
688526,C
688528,A
688529,C
688531,B
688533,C
688535,C
688536,C
688538,A
688539,C
688543,B
688548,C
688549,C
688550,C
688551,B
688552,B
688553,B
688556,B
688557,B
688558,B
688559,C
688560,B
688561,B
688562,B
688563,A
688565,B
688566,C
688567,C
688568,C
688569,C
688570,B
688571,B
688573,B
688575,B
688576,B
688577,B
688578,B
688579,B
688580,B
688581,B
688582,C
688585,B
688586,B
688588,B
688589,C
688590,B
688591,C
688592,B
688593,B
688595,B
688596,B
688597,B
688598,C
688599,C
688600,A
688601,B
688602,B
688603,C
688606,C
688607,C
688608,C
688609,C
688610,B
688611,A
688612,B
688613,C
688616,B
688617,C
688618,B
688619,B
688620,C
688621,C
688622,C
688623,B
688625,B
688626,A
688627,B
688628,A
688629,B
688630,B
688631,A
688633,A
688636,B
688638,C
688639,B
688646,B
688651,B
688655,B
688656,A
688657,B
688658,B
688659,B
688660,B
688661,B
688662,C
688663,B
688665,B
688667,C
688668,B
688669,B
688670,C
688671,B
688676,B
688677,C
688678,B
688679,B
688680,B
688681,B
688682,C
688683,B
688685,B
688686,C
688687,C
688689,C
688690,C
688693,C
688696,B
688697,C
688698,A
688699,B
688700,B
688701,B
688702,B
688707,B
688711,B
688716,B
688718,A
688719,C
688722,B
688728,B
688733,B
688737,B
688739,A
688766,C
688767,B
688768,B
688772,B
688776,A
688777,C
688778,B
688779,C
688786,C
688787,C
688789,C
688793,B
688798,B
688799,B
688800,B
688819,B
688981,B
689009,C
830779,B
830799,B
830809,C
830832,C
830839,B
830879,B
830896,A
830946,A
830964,B
830974,C
831010,C
831039,B
831087,B
831152,B
831167,B
831195,B
831278,C
831304,C
831305,C
831370,B
831445,C
831526,C
831627,B
831641,B
831689,B
831726,A
831768,C
831832,C
831834,C
831834,B
831855,B
831856,C
831906,B
831961,B
832000,B
832023,C
832089,B
832110,C
832145,B
832149,B
832171,B
832175,B
832225,B
832278,B
832419,B
832469,B
832471,B
832491,C
832566,C
832651,B
832662,B
832735,C
832786,B
832802,B
832876,A
832885,A
832978,B
832982,A
833075,B
833171,C
833230,B
833266,B
833346,A
833394,A
833427,B
833429,B
833454,A
833455,B
833509,C
833523,C
833533,B
833575,B
833580,C
833751,B
833781,C
833819,B
833873,C
833914,B
833943,C
834014,B
834021,B
834033,B
834058,B
834062,C
834261,B
834407,C
834415,C
834475,B
834599,C
834639,B
834682,C
834765,B
834770,C
834950,B
835174,B
835179,C
835184,C
835185,B
835207,C
835237,B
835305,B
835368,B
835508,B
835640,B
835670,B
835857,C
835892,B
835985,B
836077,B
836149,B
836208,C
836221,B
836239,A
836247,B
836260,B
836263,C
836270,C
836395,B
836414,B
836419,B
836422,B
836433,B
836504,A
836675,B
836699,C
836717,A
836720,B
836807,B
836826,B
836871,B
836892,B
836942,C
836957,B
837006,B
837046,B
837092,B
837174,B
837212,B
837242,A
837344,C
837592,C
837663,B
837748,B
837821,A
838030,B
838163,A
838171,A
838227,B
838262,B
838275,C
838402,C
838670,C
838701,C
838810,C
838837,B
838924,B
838971,B
839167,A
839273,B
839371,A
839680,B
839719,C
839725,A
839729,B
839790,B
839792,C
839946,C
870199,B
870204,C
870299,C
870357,B
870436,B
870508,B
870726,B
870866,B
870976,B
871245,B
871396,B
871478,C
871553,A
871634,C
871642,B
871694,B
871753,B
871857,B
871970,B
871981,B
872190,C
872351,B
872374,B
872392,B
872541,C
872808,B
872895,C
872925,D
872953,A
873001,B
873122,B
873152,C
873167,B
873169,B
873223,B
873305,B
873339,B
873527,C
873576,B
873593,C
873665,C
873693,A
873726,B
